"Weight","Phenotype","Carotenes"
214,"Mutant","Low"
213,"Mutant","Normal"
204,"Wild Type","Low"
226,"Wild Type","None"
229,"Wild Type","Rich"
212,"Mutant","Rich"
191,"Wild Type","Normal"
240,"Mutant","Rich"
214,"Wild Type","None"
198,"Wild Type","None"
215,"Mutant","Low"
189,"Wild Type","Rich"
192,"Wild Type","Low"
192,"Wild Type","Rich"
225,"Mutant","Normal"
216,"Mutant","Normal"
193,"Mutant","Rich"
205,"Mutant","None"
188,"Wild Type","Low"
190,"Mutant","Normal"
184,"Wild Type","Normal"
206,"Wild Type","Normal"
229,"Mutant","Rich"
208,"Wild Type","Rich"
191,"Wild Type","Normal"
188,"Wild Type","Rich"
203,"Wild Type","Low"
198,"Wild Type","Low"
183,"Wild Type","None"
228,"Wild Type","Low"
211,"Mutant","Normal"
210,"Mutant","Low"
212,"Mutant","Low"
183,"Mutant","Normal"
212,"Mutant","Rich"
226,"Mutant","Low"
221,"Mutant","Normal"
226,"Mutant","Rich"
193,"Wild Type","Normal"
229,"Mutant","Low"
191,"Wild Type","None"
222,"Mutant","Normal"
194,"Mutant","Rich"
186,"Wild Type","Normal"
207,"Wild Type","Low"
166,"Wild Type","Normal"
203,"Mutant","Low"
205,"Mutant","Rich"
199,"Wild Type","Normal"
207,"Wild Type","None"
179,"Mutant","Rich"
204,"Wild Type","Normal"
200,"Wild Type","Normal"
227,"Wild Type","Rich"
215,"Mutant","None"
215,"Mutant","Normal"
212,"Mutant","None"
214,"Wild Type","Rich"
209,"Wild Type","Rich"
201,"Wild Type","Normal"
204,"Wild Type","Normal"
223,"Mutant","Low"
215,"Wild Type","None"
196,"Wild Type","Low"
232,"Wild Type","Rich"
211,"Mutant","Rich"
220,"Wild Type","Normal"
159,"Wild Type","Low"
208,"Wild Type","Rich"
193,"Mutant","Low"
223,"Mutant","None"
228,"Mutant","Rich"
208,"Wild Type","Normal"
212,"Wild Type","None"
218,"Wild Type","Normal"
224,"Mutant","None"
195,"Wild Type","Rich"
206,"Wild Type","Low"
156,"Wild Type","None"
183,"Wild Type","None"
197,"Mutant","None"
205,"Wild Type","None"
196,"Mutant","Normal"
218,"Mutant","None"
211,"Mutant","Low"
202,"Wild Type","Normal"
189,"Mutant","Rich"
214,"Mutant","Low"
214,"Mutant","Normal"
219,"Mutant","Rich"
191,"Mutant","None"
217,"Wild Type","None"
189,"Wild Type","Low"
188,"Wild Type","None"
220,"Wild Type","Rich"
224,"Wild Type","None"
212,"Mutant","Low"
226,"Mutant","Rich"
202,"Mutant","Normal"
206,"Wild Type","Rich"
186,"Wild Type","Rich"
211,"Wild Type","Normal"
200,"Mutant","Low"
204,"Mutant","Normal"
200,"Wild Type","Rich"
200,"Mutant","Low"
219,"Mutant","Low"
214,"Mutant","Normal"
235,"Mutant","Rich"
194,"Wild Type","None"
214,"Wild Type","None"
200,"Mutant","None"
204,"Mutant","Rich"
207,"Wild Type","Normal"
204,"Wild Type","Rich"
229,"Mutant","None"
217,"Mutant","Rich"
191,"Wild Type","Normal"
203,"Wild Type","Normal"
168,"Wild Type","None"
189,"Mutant","Normal"
204,"Mutant","Normal"
220,"Wild Type","None"
204,"Mutant","Normal"
205,"Wild Type","Low"
195,"Mutant","Rich"
201,"Mutant","Low"
214,"Wild Type","Rich"
209,"Wild Type","Low"
178,"Mutant","None"
198,"Wild Type","None"
194,"Wild Type","Rich"
200,"Wild Type","None"
196,"Wild Type","None"
213,"Wild Type","None"
204,"Mutant","Normal"
199,"Mutant","Normal"
210,"Wild Type","Rich"
218,"Mutant","Low"
223,"Wild Type","None"
181,"Wild Type","Normal"
189,"Wild Type","Normal"
198,"Mutant","Rich"
170,"Wild Type","Low"
188,"Mutant","Normal"
197,"Mutant","Low"
204,"Wild Type","Normal"
184,"Wild Type","Rich"
194,"Wild Type","Normal"
207,"Wild Type","Low"
203,"Mutant","Normal"
222,"Wild Type","Rich"
202,"Wild Type","Low"
178,"Wild Type","Normal"
190,"Mutant","Low"
186,"Mutant","None"
205,"Wild Type","Rich"
197,"Wild Type","None"
225,"Wild Type","None"
195,"Mutant","Low"
177,"Wild Type","Rich"
203,"Wild Type","Low"
205,"Wild Type","Rich"
225,"Mutant","Rich"
222,"Wild Type","Low"
194,"Wild Type","Rich"
219,"Mutant","Normal"
213,"Wild Type","Normal"
218,"Mutant","Rich"
225,"Mutant","None"
186,"Wild Type","Low"
189,"Wild Type","Low"
218,"Wild Type","Low"
209,"Mutant","Normal"
197,"Wild Type","Normal"
216,"Wild Type","None"
207,"Wild Type","Rich"
188,"Wild Type","Low"
194,"Wild Type","None"
239,"Mutant","None"
177,"Wild Type","None"
216,"Mutant","Rich"
198,"Mutant","Rich"
212,"Mutant","Rich"
172,"Wild Type","Low"
201,"Wild Type","None"
181,"Mutant","None"
215,"Mutant","Rich"
209,"Mutant","None"
183,"Wild Type","None"
177,"Wild Type","Normal"
210,"Mutant","None"
218,"Mutant","Low"
189,"Mutant","Normal"
195,"Wild Type","None"
210,"Wild Type","Normal"
214,"Mutant","Normal"
191,"Mutant","Normal"
218,"Wild Type","Low"
172,"Wild Type","Low"
205,"Wild Type","Rich"
146,"Wild Type","Rich"
186,"Wild Type","Normal"
210,"Mutant","Normal"
188,"Wild Type","Normal"
225,"Mutant","Low"
202,"Wild Type","Rich"
177,"Wild Type","Normal"
196,"Wild Type","None"
182,"Wild Type","Low"
210,"Wild Type","None"
210,"Mutant","Normal"
203,"Mutant","None"
207,"Mutant","Normal"
216,"Wild Type","Rich"
217,"Mutant","Normal"
215,"Wild Type","None"
231,"Mutant","Normal"
180,"Mutant","Rich"
204,"Mutant","Low"
181,"Wild Type","Low"
211,"Mutant","Normal"
193,"Mutant","Normal"
192,"Wild Type","Normal"
208,"Wild Type","Normal"
218,"Mutant","None"
182,"Wild Type","Low"
187,"Wild Type","Low"
204,"Wild Type","None"
194,"Mutant","Rich"
197,"Wild Type","None"
214,"Mutant","Low"
185,"Wild Type","Low"
193,"Mutant","Low"
211,"Wild Type","Low"
213,"Mutant","Low"
189,"Mutant","Normal"
200,"Mutant","Rich"
191,"Wild Type","Rich"
225,"Mutant","None"
200,"Wild Type","Low"
220,"Mutant","Low"
197,"Wild Type","Normal"
212,"Wild Type","Rich"
199,"Wild Type","None"
175,"Wild Type","Rich"
232,"Mutant","None"
224,"Mutant","Normal"
227,"Mutant","Low"
222,"Mutant","Normal"
183,"Mutant","Rich"
177,"Wild Type","Rich"
185,"Wild Type","None"
203,"Wild Type","Normal"
201,"Mutant","None"
192,"Mutant","Low"
201,"Wild Type","Normal"
189,"Wild Type","Normal"
225,"Mutant","None"
235,"Mutant","None"
217,"Mutant","Low"
212,"Wild Type","None"
193,"Wild Type","Rich"
224,"Mutant","Normal"
219,"Mutant","Normal"
222,"Wild Type","Normal"
222,"Mutant","Normal"
179,"Wild Type","None"
194,"Mutant","None"
187,"Wild Type","Normal"
212,"Mutant","Low"
194,"Wild Type","Normal"
206,"Wild Type","None"
211,"Mutant","Rich"
192,"Mutant","Low"
193,"Wild Type","Normal"
208,"Wild Type","Normal"
195,"Wild Type","Normal"
210,"Mutant","Rich"
180,"Wild Type","None"
223,"Mutant","Normal"
209,"Mutant","Rich"
177,"Wild Type","None"
210,"Wild Type","Low"
203,"Mutant","None"
212,"Wild Type","None"
212,"Mutant","Low"
187,"Wild Type","Rich"
182,"Wild Type","None"
200,"Mutant","None"
177,"Wild Type","None"
202,"Mutant","Low"
204,"Mutant","Low"
223,"Mutant","Normal"
201,"Wild Type","None"
200,"Wild Type","Low"
213,"Wild Type","Normal"
190,"Wild Type","Normal"
196,"Mutant","Normal"
200,"Wild Type","Normal"
221,"Wild Type","Rich"
199,"Mutant","Rich"
258,"Mutant","Low"
208,"Mutant","Low"
229,"Mutant","Rich"
186,"Wild Type","Low"
198,"Mutant","None"
207,"Wild Type","Rich"
222,"Mutant","Normal"
221,"Mutant","Rich"
214,"Wild Type","Low"
205,"Wild Type","Rich"
201,"Mutant","Low"
211,"Mutant","Rich"
178,"Wild Type","Normal"
206,"Mutant","None"
200,"Wild Type","None"
205,"Wild Type","Rich"
199,"Wild Type","Normal"
195,"Wild Type","Low"
195,"Wild Type","Low"
195,"Wild Type","Rich"
190,"Mutant","Rich"
201,"Wild Type","Rich"
212,"Wild Type","Rich"
211,"Wild Type","None"
202,"Mutant","None"
198,"Mutant","None"
206,"Wild Type","Normal"
201,"Wild Type","Low"
203,"Wild Type","Low"
184,"Mutant","Rich"
200,"Wild Type","Normal"
231,"Wild Type","Rich"
230,"Mutant","Normal"
200,"Mutant","Low"
209,"Wild Type","Normal"
213,"Mutant","None"
235,"Mutant","Rich"
194,"Mutant","Low"
210,"Wild Type","Normal"
195,"Wild Type","Rich"
204,"Mutant","Normal"
206,"Mutant","Normal"
243,"Mutant","Low"
195,"Mutant","Rich"
202,"Wild Type","None"
207,"Mutant","None"
219,"Mutant","Rich"
193,"Wild Type","None"
179,"Wild Type","Rich"
226,"Mutant","None"
200,"Wild Type","Normal"
206,"Wild Type","Low"
191,"Wild Type","None"
229,"Wild Type","Low"
183,"Wild Type","Rich"
210,"Mutant","Rich"
195,"Mutant","Normal"
208,"Mutant","Normal"
182,"Wild Type","Rich"
200,"Mutant","Rich"
178,"Wild Type","Normal"
223,"Mutant","Normal"
180,"Wild Type","Normal"
214,"Wild Type","Low"
187,"Wild Type","Rich"
208,"Wild Type","None"
195,"Wild Type","Low"
196,"Mutant","None"
218,"Mutant","None"
202,"Wild Type","Normal"
222,"Mutant","Rich"
209,"Mutant","Low"
233,"Mutant","Low"
240,"Mutant","Normal"
213,"Mutant","Normal"
227,"Mutant","None"
218,"Mutant","None"
217,"Mutant","Rich"
217,"Wild Type","Normal"
218,"Mutant","None"
195,"Mutant","Rich"
210,"Mutant","None"
235,"Mutant","Low"
211,"Mutant","Normal"
192,"Wild Type","Normal"
214,"Mutant","None"
199,"Wild Type","Normal"
210,"Wild Type","None"
215,"Mutant","Rich"
193,"Wild Type","Rich"
218,"Mutant","Low"
200,"Mutant","None"
226,"Wild Type","Rich"
202,"Mutant","Low"
222,"Mutant","Low"
207,"Mutant","Low"
183,"Wild Type","Rich"
187,"Wild Type","None"
204,"Wild Type","Normal"
226,"Mutant","None"
182,"Wild Type","None"
189,"Mutant","None"
196,"Mutant","None"
199,"Mutant","Rich"
194,"Mutant","Low"
206,"Wild Type","Rich"
224,"Mutant","Rich"
185,"Wild Type","Low"
214,"Mutant","Rich"
192,"Wild Type","Normal"
241,"Mutant","Low"
200,"Mutant","None"
218,"Wild Type","None"
173,"Wild Type","None"
214,"Mutant","None"
180,"Wild Type","Low"
222,"Wild Type","Low"
201,"Wild Type","Low"
200,"Wild Type","None"
189,"Wild Type","Rich"
227,"Wild Type","Normal"
201,"Wild Type","Low"
218,"Mutant","Normal"
221,"Mutant","Normal"
215,"Wild Type","None"
194,"Mutant","Rich"
219,"Mutant","Rich"
209,"Mutant","Normal"
205,"Mutant","Rich"
204,"Wild Type","None"
201,"Wild Type","None"
189,"Mutant","Rich"
211,"Wild Type","Low"
193,"Wild Type","None"
210,"Wild Type","Normal"
202,"Mutant","None"
196,"Wild Type","Normal"
212,"Wild Type","Normal"
197,"Wild Type","Rich"
196,"Wild Type","None"
218,"Wild Type","Low"
210,"Mutant","None"
218,"Mutant","Normal"
213,"Mutant","Rich"
200,"Mutant","Low"
186,"Mutant","Rich"
178,"Wild Type","None"
177,"Wild Type","Rich"
218,"Mutant","Normal"
217,"Mutant","None"
199,"Wild Type","Normal"
229,"Mutant","None"
213,"Wild Type","None"
168,"Mutant","Low"
197,"Mutant","Rich"
201,"Mutant","Normal"
201,"Mutant","Normal"
211,"Wild Type","Rich"
196,"Wild Type","None"
185,"Wild Type","None"
213,"Mutant","None"
207,"Wild Type","None"
208,"Wild Type","Low"
187,"Wild Type","Rich"
200,"Wild Type","None"
214,"Wild Type","Rich"
187,"Mutant","None"
197,"Wild Type","Normal"
212,"Mutant","Low"
200,"Wild Type","Normal"
212,"Mutant","Normal"
181,"Wild Type","Normal"
223,"Wild Type","Normal"
175,"Wild Type","Rich"
222,"Mutant","Low"
182,"Mutant","None"
161,"Wild Type","None"
227,"Wild Type","Normal"
215,"Mutant","Normal"
194,"Mutant","None"
193,"Wild Type","Low"
223,"Mutant","Normal"
194,"Wild Type","Low"
215,"Mutant","Normal"
201,"Wild Type","Normal"
194,"Wild Type","Low"
202,"Mutant","Normal"
203,"Wild Type","Normal"
212,"Wild Type","Low"
193,"Wild Type","Rich"
210,"Wild Type","Normal"
211,"Wild Type","Rich"
252,"Mutant","Normal"
189,"Mutant","None"
181,"Wild Type","None"
164,"Wild Type","None"
183,"Wild Type","Rich"
171,"Mutant","Low"
207,"Mutant","Low"
230,"Mutant","Normal"
201,"Mutant","Normal"
202,"Mutant","Rich"
209,"Mutant","None"
220,"Wild Type","Normal"
200,"Wild Type","Rich"
217,"Wild Type","None"
221,"Mutant","Low"
182,"Wild Type","Low"
201,"Wild Type","Rich"
213,"Mutant","Normal"
198,"Mutant","Normal"
207,"Mutant","None"
227,"Mutant","Rich"
195,"Wild Type","None"
206,"Mutant","Normal"
220,"Wild Type","Low"
213,"Wild Type","Rich"
230,"Wild Type","Normal"
221,"Mutant","Normal"
228,"Mutant","Low"
215,"Mutant","Rich"
224,"Mutant","None"
205,"Mutant","Low"
205,"Mutant","Rich"
199,"Mutant","Low"
232,"Mutant","Normal"
216,"Wild Type","Low"
203,"Mutant","None"
218,"Mutant","Low"
206,"Wild Type","None"
200,"Mutant","Normal"
202,"Wild Type","None"
209,"Mutant","Normal"
173,"Wild Type","Normal"
215,"Wild Type","Rich"
196,"Mutant","Low"
203,"Wild Type","Normal"
214,"Mutant","None"
212,"Mutant","None"
212,"Mutant","Normal"
196,"Wild Type","Rich"
214,"Wild Type","Rich"
221,"Mutant","Low"
213,"Mutant","Normal"
190,"Wild Type","Normal"
210,"Wild Type","Low"
219,"Mutant","None"
209,"Mutant","Low"
195,"Wild Type","None"
201,"Mutant","Normal"
208,"Wild Type","Low"
235,"Wild Type","None"
185,"Wild Type","Low"
211,"Wild Type","Rich"
225,"Wild Type","Normal"
221,"Mutant","Rich"
195,"Wild Type","Low"
220,"Mutant","None"
183,"Wild Type","Low"
202,"Wild Type","Rich"
218,"Wild Type","Rich"
227,"Wild Type","None"
202,"Mutant","Low"
218,"Mutant","None"
237,"Mutant","Rich"
215,"Wild Type","Normal"
207,"Mutant","Low"
241,"Mutant","Rich"
228,"Mutant","Normal"
184,"Wild Type","None"
159,"Wild Type","Low"
205,"Wild Type","Normal"
215,"Mutant","Low"
210,"Mutant","Low"
190,"Mutant","Low"
229,"Mutant","Normal"
190,"Wild Type","Low"
233,"Mutant","Low"
213,"Mutant","None"
216,"Mutant","None"
177,"Wild Type","None"
175,"Mutant","None"
196,"Wild Type","Rich"
186,"Wild Type","Rich"
171,"Wild Type","Rich"
203,"Wild Type","Normal"
177,"Wild Type","Rich"
215,"Mutant","None"
194,"Mutant","Rich"
205,"Mutant","Normal"
216,"Mutant","Low"
186,"Wild Type","Low"
179,"Wild Type","None"
221,"Mutant","Normal"
204,"Wild Type","Rich"
244,"Mutant","None"
195,"Mutant","Rich"
171,"Wild Type","None"
209,"Mutant","Rich"
204,"Mutant","None"
212,"Wild Type","Normal"
203,"Mutant","Rich"
205,"Wild Type","None"
215,"Mutant","None"
215,"Mutant","None"
203,"Wild Type","Low"
221,"Mutant","Normal"
221,"Wild Type","Low"
209,"Wild Type","Normal"
222,"Mutant","Rich"
235,"Wild Type","None"
196,"Wild Type","Rich"
157,"Mutant","Normal"
217,"Mutant","Low"
229,"Mutant","Normal"
200,"Mutant","Rich"
208,"Wild Type","Normal"
205,"Wild Type","Normal"
174,"Wild Type","Rich"
221,"Mutant","Low"
221,"Mutant","None"
201,"Wild Type","Normal"
215,"Mutant","Low"
228,"Mutant","Low"
191,"Wild Type","Normal"
186,"Mutant","None"
182,"Wild Type","Normal"
219,"Mutant","None"
182,"Wild Type","None"
206,"Mutant","Rich"
239,"Mutant","Normal"
206,"Wild Type","Low"
239,"Mutant","Low"
193,"Wild Type","Normal"
198,"Mutant","Rich"
187,"Wild Type","Low"
224,"Mutant","None"
197,"Wild Type","None"
204,"Wild Type","Rich"
206,"Mutant","Low"
204,"Wild Type","Low"
223,"Mutant","Normal"
191,"Mutant","Rich"
207,"Mutant","Low"
202,"Wild Type","Rich"
207,"Wild Type","Low"
221,"Wild Type","Low"
206,"Mutant","Rich"
187,"Mutant","Low"
200,"Wild Type","Normal"
207,"Mutant","Low"
212,"Mutant","Rich"
189,"Wild Type","Normal"
196,"Wild Type","None"
206,"Wild Type","None"
229,"Mutant","Rich"
170,"Wild Type","None"
257,"Mutant","Rich"
202,"Mutant","Low"
209,"Mutant","Rich"
208,"Mutant","Low"
200,"Wild Type","Low"
242,"Mutant","None"
191,"Wild Type","Normal"
225,"Mutant","Normal"
211,"Wild Type","Rich"
210,"Mutant","Low"
195,"Wild Type","Normal"
208,"Mutant","Rich"
218,"Mutant","Normal"
205,"Wild Type","None"
184,"Wild Type","Rich"
185,"Wild Type","Low"
179,"Wild Type","Low"
217,"Mutant","None"
187,"Wild Type","Low"
224,"Mutant","Low"
198,"Mutant","None"
186,"Wild Type","Rich"
189,"Mutant","None"
226,"Mutant","Low"
217,"Mutant","Rich"
207,"Wild Type","Rich"
186,"Wild Type","Rich"
202,"Wild Type","None"
187,"Wild Type","Low"
206,"Wild Type","Normal"
177,"Mutant","Rich"
204,"Wild Type","Rich"
206,"Wild Type","Normal"
192,"Mutant","None"
201,"Mutant","Rich"
169,"Wild Type","Rich"
173,"Wild Type","Rich"
217,"Mutant","Normal"
175,"Wild Type","Normal"
207,"Wild Type","Rich"
202,"Wild Type","None"
206,"Wild Type","Rich"
216,"Wild Type","None"
227,"Mutant","Normal"
202,"Mutant","Normal"
188,"Wild Type","Low"
204,"Mutant","Rich"
204,"Mutant","Low"
194,"Wild Type","Rich"
216,"Wild Type","Normal"
208,"Mutant","Rich"
221,"Wild Type","None"
202,"Mutant","Low"
186,"Wild Type","Normal"
218,"Wild Type","None"
202,"Mutant","Low"
190,"Wild Type","Normal"
216,"Mutant","Normal"
205,"Mutant","Low"
166,"Wild Type","Normal"
194,"Mutant","None"
210,"Mutant","None"
184,"Mutant","Low"
182,"Mutant","Low"
220,"Wild Type","None"
211,"Mutant","Low"
180,"Wild Type","Rich"
186,"Mutant","None"
216,"Wild Type","None"
199,"Mutant","Normal"
180,"Mutant","None"
172,"Wild Type","None"
217,"Mutant","Low"
205,"Wild Type","Low"
209,"Wild Type","Rich"
221,"Mutant","None"
225,"Mutant","Low"
211,"Mutant","Low"
191,"Wild Type","Normal"
208,"Mutant","Rich"
224,"Mutant","Normal"
211,"Mutant","Rich"
197,"Mutant","Normal"
204,"Wild Type","Low"
222,"Mutant","None"
221,"Mutant","Rich"
217,"Mutant","Normal"
249,"Mutant","Low"
177,"Wild Type","None"
196,"Wild Type","None"
215,"Mutant","Rich"
191,"Wild Type","Low"
213,"Mutant","Normal"
198,"Mutant","Normal"
218,"Wild Type","Low"
185,"Wild Type","Rich"
222,"Mutant","Low"
214,"Wild Type","Rich"
199,"Wild Type","None"
211,"Mutant","None"
209,"Mutant","None"
213,"Wild Type","Normal"
215,"Mutant","Normal"
176,"Mutant","Low"
195,"Wild Type","Normal"
198,"Mutant","Rich"
233,"Mutant","Normal"
195,"Wild Type","Normal"
211,"Wild Type","None"
232,"Mutant","Rich"
180,"Wild Type","Normal"
202,"Mutant","None"
231,"Mutant","Rich"
176,"Mutant","Low"
212,"Mutant","Rich"
221,"Mutant","None"
219,"Wild Type","Low"
201,"Wild Type","None"
183,"Wild Type","Normal"
190,"Mutant","Rich"
210,"Wild Type","Rich"
207,"Wild Type","Rich"
177,"Mutant","Rich"
192,"Wild Type","None"
200,"Wild Type","None"
181,"Mutant","None"
194,"Wild Type","Normal"
200,"Wild Type","Rich"
201,"Mutant","Normal"
203,"Wild Type","Low"
203,"Wild Type","Rich"
226,"Mutant","Normal"
205,"Mutant","Rich"
220,"Mutant","Rich"
203,"Wild Type","None"
214,"Wild Type","Rich"
218,"Wild Type","Rich"
236,"Mutant","None"
190,"Wild Type","Normal"
197,"Wild Type","None"
220,"Mutant","Rich"
197,"Mutant","Low"
203,"Mutant","Low"
226,"Mutant","Rich"
202,"Mutant","Rich"
232,"Mutant","Rich"
224,"Mutant","Rich"
236,"Mutant","None"
195,"Wild Type","Rich"
233,"Mutant","Rich"
211,"Wild Type","None"
221,"Wild Type","None"
232,"Mutant","Normal"
218,"Mutant","Normal"
186,"Wild Type","Normal"
226,"Mutant","Normal"
197,"Wild Type","None"
227,"Mutant","Rich"
201,"Wild Type","None"
217,"Wild Type","Low"
215,"Mutant","Low"
201,"Wild Type","Rich"
223,"Mutant","Normal"
214,"Mutant","None"
206,"Wild Type","Rich"
203,"Mutant","Low"
208,"Mutant","Normal"
207,"Mutant","None"
219,"Wild Type","None"
240,"Mutant","Rich"
224,"Mutant","Rich"
209,"Mutant","Low"
205,"Wild Type","Normal"
208,"Mutant","Rich"
199,"Wild Type","Low"
213,"Wild Type","Normal"
170,"Wild Type","Rich"
192,"Mutant","None"
187,"Wild Type","Normal"
192,"Wild Type","Low"
196,"Wild Type","None"
225,"Wild Type","Low"
196,"Wild Type","Rich"
234,"Wild Type","Low"
194,"Wild Type","Low"
204,"Mutant","None"
191,"Mutant","Rich"
182,"Wild Type","None"
197,"Wild Type","Low"
183,"Mutant","Low"
223,"Mutant","None"
215,"Wild Type","Rich"
206,"Mutant","Normal"
198,"Mutant","Low"
188,"Mutant","Normal"
233,"Mutant","Normal"
207,"Mutant","Normal"
232,"Mutant","Normal"
240,"Mutant","Normal"
221,"Mutant","Normal"
194,"Wild Type","Rich"
221,"Mutant","Low"
236,"Mutant","None"
200,"Wild Type","Normal"
233,"Wild Type","Low"
178,"Mutant","Low"
194,"Mutant","None"
208,"Mutant","Rich"
219,"Mutant","None"
220,"Wild Type","None"
217,"Mutant","Normal"
218,"Mutant","None"
214,"Mutant","Normal"
186,"Mutant","Low"
212,"Mutant","None"
215,"Mutant","Normal"
192,"Wild Type","Normal"
178,"Wild Type","Normal"
234,"Mutant","None"
190,"Wild Type","Normal"
196,"Wild Type","Rich"
207,"Wild Type","Normal"
234,"Mutant","None"
216,"Mutant","Rich"
203,"Wild Type","Normal"
225,"Mutant","Low"
201,"Wild Type","None"
215,"Mutant","None"
235,"Mutant","Rich"
220,"Wild Type","Low"
193,"Wild Type","Low"
192,"Wild Type","Normal"
206,"Mutant","None"
209,"Mutant","Rich"
222,"Wild Type","Rich"
209,"Mutant","None"
195,"Mutant","None"
218,"Mutant","Rich"
215,"Wild Type","None"
212,"Wild Type","Rich"
211,"Mutant","Rich"
207,"Mutant","Rich"
189,"Mutant","Low"
182,"Wild Type","Low"
191,"Wild Type","None"
180,"Wild Type","Normal"
218,"Wild Type","None"
209,"Wild Type","Low"
171,"Wild Type","Rich"
191,"Wild Type","Rich"
196,"Wild Type","Rich"
184,"Mutant","Rich"
227,"Mutant","Low"
233,"Mutant","Normal"
213,"Mutant","None"
190,"Mutant","None"
226,"Mutant","Low"
202,"Wild Type","None"
187,"Mutant","Normal"
224,"Mutant","None"
175,"Wild Type","None"
160,"Mutant","Low"
222,"Mutant","Normal"
181,"Wild Type","Rich"
196,"Wild Type","Rich"
228,"Wild Type","Rich"
210,"Wild Type","Low"
202,"Mutant","Normal"
226,"Wild Type","Normal"
198,"Wild Type","None"
207,"Wild Type","Low"
195,"Mutant","Low"
208,"Wild Type","Normal"
231,"Wild Type","None"
208,"Wild Type","Rich"
224,"Mutant","Normal"
213,"Mutant","Rich"
203,"Mutant","Rich"
224,"Mutant","Low"
222,"Wild Type","Normal"
225,"Mutant","None"
223,"Mutant","Rich"
222,"Mutant","Normal"
206,"Mutant","Low"
205,"Wild Type","None"
216,"Mutant","Rich"
200,"Mutant","Low"
205,"Wild Type","None"
187,"Wild Type","Low"
190,"Mutant","None"
205,"Wild Type","Low"
230,"Mutant","Rich"
230,"Wild Type","None"
205,"Wild Type","Normal"
199,"Mutant","Normal"
206,"Wild Type","Rich"
200,"Wild Type","Low"
203,"Wild Type","None"
191,"Wild Type","Normal"
200,"Mutant","Rich"
231,"Wild Type","None"
216,"Mutant","None"
215,"Wild Type","Rich"
205,"Mutant","Rich"
196,"Mutant","Normal"
219,"Mutant","Low"
192,"Wild Type","Normal"
212,"Mutant","None"
192,"Mutant","Normal"
191,"Wild Type","None"
220,"Wild Type","Low"
212,"Mutant","Normal"
213,"Wild Type","Rich"
215,"Wild Type","Low"
218,"Mutant","Low"
187,"Mutant","None"
189,"Mutant","None"
198,"Mutant","None"
178,"Wild Type","Low"
184,"Wild Type","Low"
222,"Wild Type","Rich"
223,"Mutant","Normal"
209,"Wild Type","None"
